{
    "Madrid": [
        40.4168,
        -3.7038
    ],
    "Barcelona": [
        41.3851,
        2.1734
    ],
    "Valencia": [
        39.4699,
        -0.3763
    ],
    "Sevilla": [
        37.3891,
        -5.9845
    ],
    "Zaragoza": [
        41.6488,
        -0.8891
    ],
    "Bilbao": [
        43.263,
        -2.935
    ],
    "Murcia": [
        37.9922,
        -1.1307
    ],
    "Málaga": [
        36.7213,
        -4.421
    ],
    "Granada": [
        37.1773,
        -3.5986
    ],
    "Cartagena": [
        37.6257,
        -0.9966
    ],
    "Nápoles": [
        40.8522,
        14.2681
    ],
    "Roma": [
        41.9028,
        12.4964
    ],
    "Génova": [
        44.4056,
        8.9463
    ],
    "Venecia": [
        45.4408,
        12.3155
    ],
    "Milán": [
        45.4642,
        9.19
    ],
    "Palermo": [
        38.1157,
        13.3615
    ],
    "Florencia": [
        43.7699,
        11.2556
    ],
    "Buenos Aires": [
        40.3916235,
        -3.653876
    ],
    "Castel Frentano": [
        42.197139,
        14.355214
    ],
    "Río de Janeiro": [
        38.3677586,
        -0.4124633
    ],
    "Castrovillari": [
        39.8119315,
        16.2026124
    ],
    "Olesa de Montserrat": [
        41.543053,
        1.8931874
    ],
    "Noale": [
        45.550156,
        12.0720437
    ],
    "Campomarino": [
        41.9562688,
        15.034344
    ],
    "Casteldidone": [
        45.069472,
        10.406281
    ],
    "San Damiano d'Asti": [
        44.833445,
        8.063534
    ],
    "Biella": [
        42.5990506,
        0.4842107
    ],
    "Luzzi": [
        39.446105,
        16.287255
    ],
    "Ortona dei Marsi": [
        41.99733,
        13.728103
    ],
    "Vasto": [
        39.3258733,
        -3.5994404
    ],
    "Cianciana": [
        37.5196965,
        13.43408
    ],
    "Caposele": [
        40.8149243,
        15.2239067
    ],
    "Avigliano": [
        40.7314363,
        15.71743
    ],
    "Corigliano Calabro": [
        39.595173,
        16.5175366
    ],
    "Savignano sul Rubicone": [
        44.0925118,
        12.3991309
    ],
    "Treviso": [
        37.3860715,
        -6.0106481
    ],
    "Breno": [
        38.0780694,
        -6.8613043
    ],
    "Chieti": [
        42.1026929,
        14.4159053
    ],
    "Sciacca": [
        37.5064786,
        13.0823323
    ],
    "Fermo": [
        37.4036687,
        -5.9175325
    ],
    "Trecastagni": [
        37.6161157,
        15.0792308
    ],
    "Gerace": [
        38.2729597,
        16.2187558
    ],
    "Morano Cálabro": [
        39.8439407,
        16.135613
    ],
    "Agrigento": [
        37.3122991,
        13.57465
    ],
    "Paula": [
        39.6045938,
        2.6773512
    ],
    "Buckfastleigh": [
        40.0,
        -3.0
    ],
    "Indaiatuba": [
        -23.0729507,
        -47.2433173
    ],
    "Villa Bartolomea": [
        45.1587174,
        11.3533775
    ],
    "Vallo della Lucania": [
        40.229704,
        15.26576
    ],
    "Fiumefreddo Bruzio": [
        39.2347925,
        16.0671836
    ],
    "Nazzano": [
        42.229257,
        12.5976389
    ],
    "Cáseda": [
        42.5242929,
        -1.3674903
    ],
    "Casalmaggiore": [
        44.9863857,
        10.4153504
    ],
    "Castellabate": [
        40.2779623,
        14.9554292
    ],
    "Saluzzo": [
        44.6446052,
        7.4926009
    ],
    "Rueda de la Sierra": [
        40.9183294,
        -1.8536762
    ],
    "San Bonifacio": [
        39.5054893,
        -5.3905047
    ],
    "Gela": [
        28.0926886,
        -16.6862622
    ],
    "San Piero Patti": [
        38.0521503,
        14.9670687
    ],
    "Frabosa Sottana": [
        44.3021646,
        7.7980083
    ],
    "Novara": [
        37.337298,
        -5.9295702
    ],
    "Ravanusa": [
        37.2679139,
        13.9732545
    ],
    "Giardini-Naxos": [
        37.8354409,
        15.2718451
    ],
    "Barletta": [
        41.3214976,
        16.2868696
    ],
    "Massa Marittima": [
        43.0500376,
        10.8879707
    ],
    "Turín": [
        39.5195262,
        2.474782
    ],
    "Portoferraio": [
        42.814147,
        10.3310261
    ],
    "Trani": [
        41.275088,
        16.4162585
    ],
    "Cariati": [
        39.4962505,
        16.9474478
    ],
    "Capannori": [
        43.8420391,
        10.5735254
    ],
    "Belvedere Marittimo": [
        39.6179734,
        15.8618527
    ],
    "Ravena": [
        43.5573123,
        -5.9232551
    ],
    "Tigliole": [
        44.886952,
        8.0753546
    ],
    "Forno Canavese": [
        45.345353,
        7.591015
    ],
    "Aci Sant'Antonio": [
        37.6063923,
        15.1268948
    ],
    "Sant'Eufemia d'Aspromonte": [
        38.263471,
        15.854796
    ],
    "Vic": [
        41.9302021,
        2.2545943
    ],
    "Acqui Terme": [
        44.675145,
        8.467546
    ],
    "Pianello": [
        43.5148397,
        12.5546918
    ],
    "Sirolo": [
        43.5246892,
        13.6178462
    ],
    "Gioiosa Ionica": [
        38.322175,
        16.302605
    ],
    "Casale Monferrato": [
        45.1362661,
        8.4498127
    ],
    "Cetraro": [
        39.5186619,
        15.9348776
    ],
    "Casaleggio Boiro": [
        44.633547,
        8.730452
    ],
    "Nervesa della Battaglia": [
        45.8253685,
        12.2092015
    ],
    "Piscina": [
        40.5061683,
        -3.3819741
    ],
    "Manresa": [
        41.7288939,
        1.8286765
    ],
    "Bisceglie": [
        41.2407788,
        16.5019124
    ],
    "Arbós": [
        41.2677369,
        1.602246
    ],
    "Guipúzcoa": [
        43.1445278,
        -2.2037955
    ],
    "Rossano": [
        37.3363122,
        -5.9272813
    ],
    "Mogliano": [
        43.1864614,
        13.4809705
    ],
    "San Luca": [
        -22.1112028,
        -65.5987436
    ],
    "Soria": [
        41.6012505,
        -2.721938
    ],
    "Carobbio degli Angeli": [
        45.665182,
        9.829158
    ],
    "Ancona": [
        43.2935092,
        -3.180989
    ],
    "Montevideo": [
        41.4260381,
        -6.1861073
    ],
    "Asti": [
        43.0641641,
        -2.2217959
    ],
    "Rivalta Bormida": [
        44.7113749,
        8.5500679
    ],
    "Mesina": [
        41.2327826,
        -4.4041352
    ],
    "Palma de Mallorca": [
        39.5695818,
        2.6500745
    ],
    "Monselice": [
        45.2417684,
        11.7508534
    ],
    "Montelíbano": [
        43.3575727,
        13.4373487
    ],
    "Viterbo": [
        37.34299,
        -5.9337612
    ],
    "Acireale": [
        37.6127773,
        15.1658804
    ],
    "Pizzo": [
        28.4679071,
        -16.2517314
    ],
    "Tolentino": [
        37.3741113,
        -4.9561029
    ],
    "Belloch de Urgell": [
        40.0,
        -3.0
    ],
    "Imperia": [
        42.2259347,
        -2.1003475
    ],
    "Melito di Porto Salvo": [
        37.9203843,
        15.7778568
    ],
    "Castellammare di Stabia": [
        40.6943046,
        14.4804813
    ],
    "Masnou": [
        42.0021068,
        1.4766988
    ],
    "Dorno": [
        42.1937627,
        -8.0850552
    ],
    "Felanich": [
        40.0,
        -3.0
    ],
    "Albenga": [
        44.0492503,
        8.2131239
    ],
    "Brescia": [
        40.4365379,
        -3.6635624
    ],
    "Cortenova": [
        45.9999225,
        9.3831654
    ],